create table fees(fname varchar(100),rollno int,sem varchar(100),amount varchar(100));
create table result(fname varchar(100),rollno int,ptr float);
create table attendance(fname varchar(100),rollno int,percentage float);
insert  into fees values('Mandar Ambre',1,'sem 3',63000);
insert  into fees values('Nidhi Badiger',2,'sem 3',63000);
insert  into fees values('Atharva Bhoite',3,'sem 3',63000);
insert  into fees values('Bhargav Bodhankar',4,'sem 3',63000);
insert  into fees values('Sarvesh Chandnani',5,'sem 3',63000);
insert  into fees values('Chirag Chawla',6,'sem 3',63000);
insert  into fees values('Hiteshumar Choudhary',7,'sem 3',63000);
insert  into fees values('Akash Choughule',8,'sem 3',63000);
insert  into fees values('Vanita Daryani',9,'sem 3',63000);
insert  into fees values('Noel Dason',10,'sem 3',63000);
insert  into fees values('Gaurang Desai',11,'sem 3',63000);
insert  into fees values('Janhavi Deshpande',12,'sem 3',63000);
insert  into fees values('Upendra Falak',13,'sem 3',63000);
insert  into fees values('Divisha Gupta',14,'sem 3',63000);
insert  into fees values('Priyanshu Hariani',15,'sem 3',63000);
insert  into fees values('Saniya Inamdar',16,'sem 3',63000);
insert  into fees values('Manav Jawrani',17,'sem 3',63000);
insert  into fees values('Tanish Kachhela',18,'sem 3',63000);
insert  into fees values('Pritish Kakru',19,'sem 3',63000);
insert  into fees values('Vaibhav Kambar',20,'sem 3',63000);
insert  into fees values('Soham Kayal',21,'sem 3',63000);
insert  into fees values('Viren Khanna',22,'sem 3',63000);
insert  into fees values('Sahil Kodwani',23,'sem 3',63000);
insert  into fees values('Mukul Kolpe',24,'sem 3',63000);
insert  into fees values('Aseem Kulkarni',25,'sem 3',63000);
insert  into fees values('Hrishikesh Kumbhar',26,'sem 3',63000);
insert  into fees values('Bhavya Kurup',27,'sem 3',63000);
insert  into fees values('Doulat Lalwani',28,'sem 3',63000);
insert  into fees values('Krishna Lalwani',29,'sem 3',63000);
insert  into fees values('Sarvesh Limaye',30,'sem 3',63000);
insert  into fees values('Khushi Mahamunkar',31,'sem 3',63000);
insert  into fees values('Manish Makhija',32,'sem 3',63000);
insert  into fees values('Anish Masand',33,'sem 3',63000);
insert  into fees values('Suleman Mathekar',34,'sem 3',63000);
insert  into fees values('Varun Motiyani',35,'sem 3',63000);
insert  into fees values('Swapnil Mulani',36,'sem 3',63000);
insert  into fees values('Arya Nagariya',37,'sem 3',63000);
insert  into fees values('Dev Nikam',38,'sem 3',63000);
insert  into fees values('Shubham pal',39,'sem 3',63000);
insert  into fees values('Urvi Pandit',40,'sem 3',63000);
insert  into fees values('Aman Paryani',41,'sem 3',63000);
insert  into fees values('Abhishek Patil',42,'sem 3',63000);
insert  into fees values('Hemant Patil',43,'sem 3',63000);
insert  into fees values('Meetali Patil',44,'sem 3',63000);
insert  into fees values('Pratik Patil',45,'sem 3',63000);
insert  into fees values('Sarvesh Patil',46,'sem 3',63000);
insert  into fees values('Amogh Pujari',47,'sem 3',63000);
insert  into fees values('Devesh Rahatekar',48,'sem 3',63000);
insert  into fees values('Bhavik Rajpal',49,'sem 3',63000);
insert  into fees values('Siddharth Rawlani',50,'sem 3',63000);
insert  into fees values('Samartha Rayguru',51,'sem 3',63000);
insert  into fees values('Tejas Samant',52,'sem 3',63000);
insert  into fees values('Diya Shah',53,'sem 3',63000);
insert  into fees values('Jay Shah',54,'sem 3',63000);
insert  into fees values('Deepak sharma',55,'sem 3',63000);
insert  into fees values('Jitesh Sidhani',56,'sem 3',63000);
insert  into fees values('Shreyansh Singh',57,'sem 3',63000);
insert  into fees values('Pratham Suroshi',58,'sem 3',63000);
insert  into fees values('Manav Tanna',59,'sem 3',63000);
insert  into fees values('Rinki Tejwani',60,'sem 3',63000);
insert  into fees values('Vineet Vijaykumar',61,'sem 3',63000);
insert  into fees values('Dhiraj Vinjar',62,'sem 3',63000);
insert  into fees values('Vittal Kumar',63,'sem 3',63000);
insert  into fees values('Samiksha Wadibhasme',64,'sem 3',63000);
select * from fees;
insert into attendance values('Mandar Ambre',01,97);
insert into attendance values('Nidhu Badiger',02,91);
insert into attendance values('Atharva Bhoite',03,89);
insert into attendance values('Bhargav Bodhankar',04,96);
insert into attendance values('Sarvesh Chandnani',05,96);
insert into attendance values('Chirag Chawla',06,97);
insert into attendance values('Hitesh Choudhary',07,92);
insert into attendance values('Akash Choughule',08,88);
insert into attendance values('Vanita Daryani',09,97);
insert into attendance values('Noel Dason',10,71);

insert into result values('Mandar Ambre',1,10);
insert into result values('Nidhi Badiger',2,9);
insert into result values('Atharva Bhoite',3,9);
insert into result values('Bhargav Bodhankar',4,10);
insert into result values('Sarvesh Chandnani',5,9);
insert into result values('Chirag Chawla',6,9);
insert into result values('Hiteshkumar Choudry',7,9);
insert into result values('Akash Choughule',8,10);
insert into result values('Vanita Daryani',9,9);
insert into result values('Noel Dason',10,8);
insert into result values('Gaurang Desai',11,10);
insert into result values('Jhanvi Deshpande',12,9);
insert into result values('Upendra Falak',13,9);
insert into result values('Divisha Gupta',14,10);
insert into result values('Priyanshu Hariani',15,9);
insert into result values('Saniya Inamdar',16,10);
insert into result values('Manav Jawahrani',17,10);
insert into result values('Tanish Kachela',18,9);
insert into result values('Pritish Kakru',19,9);
insert into result values('Vaibhav Kambhar',20,9);
insert into result values('Soham Kayal',21,9);
insert into result values('Viren Khanna',22,9);
insert into result values('Sahil Kodwani',23,9);
insert into result values('Mukul Kolpe',24,9);
insert into result values('Aseem Kulkarni',25,9);
insert into result values('Hrishikesh Kumbhar',26,10);
insert into result values('Bhavya Kurup',27,10);
insert into result values('Doulat Lalwani',28,9);
insert into result values('Krishna Lalwani',29,9);
insert into result values('Sarvesh Limaye',30,9);
insert into result values('Khushi Mahamunkar',31,9);
insert into result values('Manish Makhija',32,9);
insert into result values('Anish Masand',33,9);
insert into result values('Suleman Mathekar',34,9);
insert into result values('Varun Motiyani',35,9);
insert into result values('Swapnil Mulani',36,9);
insert into result values('Arya Nagariya',37,9);
insert into result values('Dev Nikam',38,9);
insert into result values('Shubham Pal',39,9);
insert into result values('Urvi Pandit',40,10);
insert into result values('Aman Paryani',41,9);
insert into result values('Abhishek Patil',42,10);
insert into result values('Hemant Patil',43,9);
insert into result values('Meetali Patil',44,10);
insert into result values('Pratik Patil',45,9);
insert into result values('Sarvesh Patil',46,10);
insert into result values('Amogh Pujari',47,9);
insert into result values('Devesh Rahatekar',48,9);
insert into result values('Bhavik Rajpal',49,10);
insert into result values('Siddharth Rawlani',50,9);
insert into result values('Samartha Rayguru',51,9);
insert into result values('Tejas Samant',52,9);
insert into result values('Diya Shah',53,9);
insert into result values('Jay Shah',54,9);
insert into result values('Deepak Sharma',55,9);
insert into result values('Jitesh Sidhani',56,9);
insert into result values('Shreyansh Singh',57,9);
insert into result values('Pratham Suroshi',58,9);
insert into result values('Manav Tanna',59,10);
insert into result values('Rinki Tejwani',60,9);
insert into result values('Vineet Vijayakumar',61,9);
insert into result values('Dhiraj Vinjhar',62,9);
insert into result values('Vittal Kumar',63,9);
insert into result values('Samiksha Wadibhasme',64,10);

insert into attendance values('Gaurang Desai',11,80);
insert into attendance values('Janhavi Deshpande',12,77);
insert into attendance values('Upendra Falak',13,79);
insert into attendance values('Divisha Gupta',14,92);
insert into attendance values('Priyanshu Hariani',15,82);
insert into attendance values('Saniya Inamdar',16,83);
insert into attendance values('Manav Jawrani',17,96);
insert into attendance values('Tanish Kachhela',18,70);
insert into attendance values('Pritish Kakru',19,91);
insert into attendance values('Vaibhav Kambar',20,97);

insert into attendance values('Soham Kayal',21,67);
insert into attendance values('Viren Khanna',22,88);
insert into attendance values('Sahil Kodwani',23,66);
insert into attendance values('Mukul Kolpe',24,93);
insert into attendance values('Aseem Kulkarni',25,81);
insert into attendance values('Hrishikesh Kumbhar',26,92);
insert into attendance values('Bhavya Kurup',27,97);
insert into attendance values('Doulat Lalwani',28,97);
insert into attendance values('Krishna Lalwani',29,97);
insert into attendance values('Sarvesh Limaye',30,97);

insert into attendance values('Khushi Mahamunkar',31,96);
insert into attendance values('Manish Makhija',32,97);
insert into attendance values('Anish Masand',33,90);
insert into attendance values('Suleman Mathekar',34,80);
insert into attendance values('Varun Motiyani',35,82);
insert into attendance values('Swapnil Mulani',36,85);
insert into attendance values('Arya Nagariya',37,77);
insert into attendance values('Dev Nikam',38,88);
insert into attendance values('Shubham Pal',39,79);
insert into attendance values('Urvi Pandit',40,66);

insert into attendance values('Aman Paryani',41,88);
insert into attendance values('Abhishek Patil',42,92);
insert into attendance values('Hemant Patil',43,88);
insert into attendance values('Meetali Patil',44,91);
insert into attendance values('Pratik Patil',45,88);
insert into attendance values('Sarvesh Patil',46,78);
insert into attendance values('Amogh Pujari',47,77);
insert into attendance values('Devesh Rahatekar',48,81);
insert into attendance values('Bhavik Rajpal',49,88);
insert into attendance values('Siddarth Rawlani',50,90);

insert into attendance values('Samartha Rayguru',51,92);
insert into attendance values('Tejas Samant',52,90);
insert into attendance values('Diya Shah',53,88);
insert into attendance values('Jay Shah',54,71);
insert into attendance values('Deepak Sharma',55,70);
insert into attendance values('Jitesh Sidhani',56,74);
insert into attendance values('Shreyansh Singh',57,72);
insert into attendance values('Pratham Suroshi',58,90);
insert into attendance values('Manav Tanna',59,91);
insert into attendance values('Rinki Tejwani',60,97);

insert into attendance values('Vineet Vijayakumar',61,79);
insert into attendance values('Dhiraj Vinjar',62,87);
insert into attendance values('Vittal Kumar',63,92);
insert into attendance values('Samiksha Wadibhasme',64,80);

select * from attendance;fees
select * from result;attendance
